open_time,open,high,low,close,volume,close_time
1763942400000,86807.6,88049.5,85915.0,87408.8,36758.713,1763956799999
1763956800000,87408.7,87795.9,86400.0,87004.6,26095.166,1763971199999
1763971200000,87004.6,87004.6,85654.1,86232.5,25190.047,1763985599999
1763985600000,86232.5,86700.0,85226.4,86571.0,47419.81,1763999999999
1764000000000,86571.1,88788.0,86571.0,88277.0,51453.968,1764014399999
1764014400000,88277.1,89177.3,88205.3,88247.1,24195.628,1764028799999
1764028800000,88247.1,88247.1,87378.8,87775.1,19713.977,1764043199999
1764043200000,87775.0,88477.6,87240.0,87362.2,17064.891,1764057599999
1764057600000,87362.2,87585.7,86628.4,87311.9,23787.173,1764071999999
1764072000000,87312.0,87732.7,86061.1,86946.5,39724.105,1764086399999
1764086400000,86946.6,88115.0,86132.7,86835.0,30082.125,1764100799999
1764100800000,86835.1,87869.4,86542.0,87324.1,19265.384,1764115199999
1764115200000,87324.1,88200.0,87022.2,87088.5,17140.975,1764129599999
1764129600000,87088.4,87947.0,86851.1,87896.2,14105.593,1764143999999
1764144000000,87896.2,87909.2,86630.0,87049.2,17454.952,1764158399999
1764158400000,87049.1,87646.8,86260.9,86926.2,36287.132,1764172799999
1764172800000,86926.3,90362.7,86914.3,89923.3,54312.066,1764187199999
1764187200000,89923.3,90655.4,89458.7,90438.1,19845.815,1764201599999
1764201600000,90438.0,91850.0,90024.4,91049.3,32745.927,1764215999999
1764216000000,91049.3,91520.0,90843.8,91361.5,14177.4,1764230399999
1764230400000,91361.4,91931.9,91177.2,91334.9,18138.117,1764244799999
1764244800000,91334.9,91418.4,90410.6,90912.9,24029.717,1764259199999
1764259200000,90913.0,91800.0,90800.4,91489.0,17191.032,1764273599999
1764273600000,91489.0,91562.8,91058.4,91292.2,7403.039,1764287999999
1764288000000,91292.2,91386.6,90612.2,91168.0,13757.156,1764302399999
1764302400000,91168.0,91690.0,90824.1,90870.2,13510.903,1764316799999
1764316800000,90870.2,92000.0,90863.6,91382.9,21589.404,1764331199999
1764331200000,91383.0,93080.0,91314.4,92299.9,48122.799,1764345599999
1764345600000,92299.8,92323.6,90155.0,91106.1,41246.173,1764359999999
1764360000000,91106.0,91209.0,90657.6,90847.8,8693.912,1764374399999
1764374400000,90847.8,91078.4,90500.0,90638.0,7053.901,1764388799999
1764388800000,90638.1,90884.8,90265.2,90523.5,9280.403,1764403199999
1764403200000,90523.4,90691.5,90335.2,90633.7,6285.01,1764417599999
1764417600000,90633.8,91068.1,90484.3,91030.0,8755.57,1764431999999
1764432000000,91030.0,91130.0,90092.7,90602.9,14802.817,1764446399999
1764446400000,90602.9,91020.0,90363.0,90765.0,8018.978,1764460799999
1764460800000,90764.9,91016.0,90414.0,90873.0,6739.259,1764475199999
1764475200000,90872.9,90999.4,90626.2,90924.5,4260.813,1764489599999
1764489600000,90924.5,91580.0,90879.3,91000.9,14264.111,1764503999999
1764504000000,91000.9,91934.4,90960.0,91405.8,16461.441,1764518399999
1764518400000,91405.9,91818.8,91088.1,91423.2,8957.664,1764532799999
1764532800000,91423.1,91592.3,90300.0,90320.6,15456.43,1764547199999
1764547200000,90320.5,90396.9,86126.0,86319.2,80222.892,1764561599999
1764561600000,86319.1,86524.6,85563.7,86487.6,31809.427,1764575999999
1764576000000,86487.3,86886.0,86090.0,86100.1,19775.516,1764590399999
1764590400000,86100.0,86625.0,83786.0,84650.0,83435.905,1764604799999
1764604800000,84650.0,85528.7,84011.0,84985.0,46606.811,1764619199999
1764619200000,84985.0,86817.0,84966.8,86241.6,34996.615,1764633599999
1764633600000,86241.5,87384.0,86140.1,86936.0,23647.179,1764647999999
1764648000000,86935.9,87245.9,86772.0,86965.0,11979.706,1764662399999
1764662400000,86965.0,87640.0,86321.0,87326.9,24568.861,1764676799999
1764676800000,87327.0,91211.3,87005.0,90809.2,78565.044,1764691199999
1764691200000,90809.2,92273.2,90156.4,91849.9,54905.622,1764705599999
1764705600000,91849.9,91970.4,90643.5,91249.1,34434.753,1764719999999
1764720000000,91249.1,93068.9,90954.8,92589.2,30608.344,1764734399999
1764734400000,92589.2,93932.7,92578.0,92969.9,37966.712,1764748799999
1764748800000,92970.0,93338.4,92602.8,92957.7,21367.918,1764763199999
1764763200000,92957.6,93653.6,91637.4,92332.9,58413.578,1764777599999
1764777600000,92333.0,93471.1,91733.2,92995.8,30690.222,1764791999999
1764792000000,92995.8,94185.0,92784.3,93376.7,22251.543,1764806399999
1764806400000,93376.8,94040.0,92628.0,93499.9,24501.316,1764820799999
1764820800000,93500.0,93549.2,92737.0,93358.6,16001.449,1764835199999
1764835200000,93358.5,93600.0,92666.1,92894.9,16325.267,1764849599999
1764849600000,92894.9,93256.3,91762.0,92933.5,38745.228,1764863999999
1764864000000,92933.4,93143.4,90822.5,91941.5,38482.82,1764878399999
1764878400000,91941.5,92676.8,91649.8,92034.7,12716.347,1764892799999
1764892800000,92034.7,92665.5,91917.7,92104.9,10956.852,1764907199999
1764907200000,92104.8,92455.4,91750.6,92227.5,12306.339,1764921599999
1764921600000,92227.6,92227.6,90940.4,91307.9,21552.042,1764935999999
1764936000000,91308.0,91445.2,89863.0,90414.0,55291.144,1764950399999
1764950400000,90413.9,90460.0,87976.3,89590.5,66447.207,1764964799999
1764964800000,89590.5,89706.0,88856.7,89288.5,12571.473,1764979199999
1764979200000,89288.6,89758.0,88986.1,89636.5,10198.215,1764993599999
1764993600000,89636.5,89732.4,89410.8,89549.6,6055.827,1765007999999
1765008000000,89549.5,89679.0,89165.9,89585.4,8658.915,1765022399999
1765022400000,89585.4,90257.3,89424.2,89713.4,14787.6,1765036799999
1765036800000,89713.3,89940.3,89203.0,89369.4,8623.445,1765051199999
1765051200000,89369.5,89578.3,88870.1,89197.1,8502.865,1765065599999
1765065600000,89197.1,89704.5,89131.5,89675.6,5748.385,1765079999999
1765080000000,89675.7,89750.0,89155.0,89337.1,6553.596,1765094399999
1765094400000,89337.1,89494.4,89012.9,89109.4,7659.024,1765108799999
1765108800000,89109.3,89700.0,87688.0,89505.0,41325.561,1765123199999
1765123200000,89505.0,91722.0,89065.2,91379.7,36596.274,1765137599999
1765137600000,91379.8,91473.2,88890.0,90345.4,31709.165,1765151999999
1765152000000,90345.4,91650.0,89806.4,91039.4,20651.383,1765166399999
1765166400000,91039.3,91868.0,90979.2,91519.8,12977.758,1765180799999
1765180800000,91519.8,92262.6,91433.6,91923.5,16068.448,1765195199999
1765195200000,91923.6,92106.4,89553.8,89912.6,57039.196,1765209599999
1765209600000,89912.7,90471.6,89629.1,90073.6,29715.552,1765223999999
1765224000000,90073.7,91338.2,90073.7,90610.8,16022.402,1765238399999
1765238400000,90610.8,90810.8,89774.1,90364.0,15639.888,1765252799999
1765252800000,90364.1,90485.8,89368.9,90449.9,20910.849,1765267199999
1765267200000,90449.9,90584.8,89868.0,90341.9,10989.605,1765281599999
1765281600000,90342.0,92867.0,89953.0,92676.9,45314.765,1765295999999
1765296000000,92676.9,94555.0,92656.5,93761.9,62023.498,1765310399999
1765310400000,93761.9,93819.1,92199.0,92638.4,27051.658,1765324799999
1765324800000,92638.3,92748.2,91900.0,92366.0,16458.476,1765339199999
1765339200000,92366.0,92749.8,92339.8,92744.7,9066.291,1765353599999
1765353600000,92744.7,93278.9,91721.0,92085.5,22951.746,1765367999999
1765368000000,92085.4,92197.3,91520.0,92021.8,20761.517,1765382399999
1765382400000,92021.8,93223.6,91605.0,92913.8,47793.664,1765396799999
1765396800000,92913.9,94443.7,91825.0,91977.5,43457.086,1765411199999
1765411200000,91977.5,92046.3,89321.0,89833.1,41765.03,1765425599999
1765425600000,89833.1,90445.6,89640.4,90231.4,16187.084,1765439999999
1765440000000,90231.3,90494.7,89931.0,90195.3,11011.162,1765454399999
1765454400000,90195.3,90618.0,89200.0,89830.1,36667.082,1765468799999
1765468800000,89830.1,91499.0,89288.0,90793.5,36608.297,1765483199999
1765483200000,90793.5,93547.3,90749.6,92477.5,48909.413,1765497599999
1765497600000,92477.6,92719.0,91400.0,92234.3,22813.99,1765511999999
1765512000000,92234.3,92685.5,92028.4,92389.5,11201.46,1765526399999
1765526400000,92389.5,92600.0,92050.0,92381.5,9687.193,1765540799999
1765540800000,92381.4,92630.0,89688.0,89895.0,49205.788,1765555199999
1765555200000,89895.0,90617.7,89429.0,90147.3,41898.523,1765569599999
1765569600000,90147.4,90357.5,89843.0,90229.6,10037.156,1765583999999
1765584000000,90229.7,90432.0,90077.0,90304.0,5591.18,1765598399999
1765598400000,90304.1,90379.5,90226.8,90286.1,3796.6,1765612799999
1765612800000,90286.0,90599.0,90239.0,90298.4,7893.366,1765627199999
1765627200000,90298.5,90441.9,89888.0,90055.4,9021.404,1765641599999
1765641600000,90055.3,90236.6,89944.0,90150.9,4576.962,1765655999999
1765656000000,90150.8,90248.0,89711.9,90191.3,5358.221,1765670399999
1765670400000,90191.3,90440.0,90071.6,90222.3,7086.65,1765684799999
1765684800000,90222.4,90300.0,90005.8,90205.1,3999.939,1765699199999
1765699200000,90205.1,90250.0,88412.8,89308.2,24641.953,1765713599999
1765713600000,89308.3,89630.8,88831.7,88985.2,17265.699,1765727999999
1765728000000,88985.2,89372.8,88432.0,88598.7,17696.731,1765742399999
1765742400000,88598.7,88779.1,87504.3,88118.8,21395.682,1765756799999
1765756800000,88118.8,89972.4,88025.3,89239.9,27815.116,1765771199999
1765771200000,89240.0,89880.0,89229.5,89703.0,10941.101,1765785599999
1765785600000,89702.9,89940.0,89525.0,89606.0,11790.519,1765799999999
1765800000000,89606.0,89845.0,86563.6,86996.6,67384.379,1765814399999
1765814400000,86996.5,87189.9,85073.0,86104.2,56199.332,1765828799999
1765828800000,86104.2,86437.1,85489.7,86389.9,20085.598,1765843199999
1765843200000,86390.0,86478.6,85340.1,85837.7,16787.316,1765857599999
1765857600000,85837.6,86577.0,85226.0,85964.8,17300.472,1765871999999
1765872000000,85964.9,87299.7,85874.6,87216.6,18856.619,1765886399999
1765886400000,87216.6,88143.9,86055.9,87936.3,54188.458,1765900799999
1765900800000,87936.3,88012.5,87015.8,87538.7,26033.481,1765915199999
1765915200000,87538.7,87900.0,87297.9,87826.3,9058.702,1765929599999
1765929600000,87826.3,87925.8,87104.2,87178.1,11671.628,1765943999999
1765944000000,87178.2,87360.8,86158.4,87010.4,22749.284,1765958399999
1765958400000,87010.4,87100.0,86201.0,86939.3,15486.489,1765972799999
1765972800000,86939.2,90363.2,86768.8,87191.4,86140.012,1765987199999
1765987200000,87191.0,87737.3,85261.3,85982.7,55699.358,1766001599999
1766001600000,85982.7,86421.0,85630.0,86201.6,16899.977,1766015999999
1766016000000,86201.6,86836.2,85820.6,86575.1,16118.556,1766030399999
1766030400000,86575.1,86859.1,86323.7,86787.5,11560.136,1766044799999
1766044800000,86787.5,87417.6,86640.5,87268.1,14444.149,1766059199999
1766059200000,87257.0,89447.9,87068.0,88480.8,75762.851,1766073599999
1766073600000,88480.7,88500.0,84429.9,84447.0,83673.674,1766087999999
1766088000000,84447.0,85800.0,84408.6,85469.7,28014.313,1766102399999
1766102400000,85469.8,87550.0,85062.7,86863.1,30604.064,1766116799999
1766116800000,86863.2,88366.0,86651.9,87909.7,28039.593,1766131199999
1766131200000,87909.7,88345.1,87700.0,88169.9,16798.031,1766145599999
1766145600000,88170.0,89374.6,87488.0,87925.6,51776.28,1766159999999
1766160000000,87925.6,88888.0,86795.5,87812.8,36941.972,1766174399999
1766174400000,87812.9,88406.3,87569.1,88100.0,14124.554,1766188799999
1766188800000,88100.0,88294.8,87926.7,88165.3,5637.357,1766203199999
1766203200000,88165.3,88551.8,88065.9,88239.9,6898.331,1766217599999
1766217600000,88240.0,88397.8,88063.8,88243.6,4869.385,1766231999999
1766232000000,88243.6,88320.0,87698.5,88134.6,11529.379,1766246399999
1766246400000,88134.5,88407.7,88060.0,88196.3,3919.255,1766260799999
1766260800000,88196.4,88434.9,88111.1,88320.8,3120.141,1766275199999
1766275200000,88320.7,88400.0,87821.1,88043.2,7336.323,1766289599999
1766289600000,88043.3,88174.5,88010.0,88138.7,2659.008,1766303999999
1766304000000,88138.8,89050.0,88103.3,88570.6,15426.009,1766318399999
1766318400000,88570.7,88885.9,87548.5,88024.7,25733.455,1766332799999
1766332800000,88024.7,88588.0,87902.0,88448.2,10214.556,1766347199999
1766347200000,88448.3,88786.9,88047.4,88621.3,6255.037,1766361599999
1766361600000,88621.3,89600.0,87845.0,88727.5,31996.805,1766375999999
1766376000000,88727.4,89173.8,88665.3,89127.7,9144.909,1766390399999
1766390400000,89127.8,90085.0,89050.1,89905.2,25914.874,1766404799999
1766404800000,89905.2,90599.0,89109.1,89688.5,43053.447,1766419199999
1766419200000,89688.6,90088.0,87906.7,88011.1,26150.733,1766433599999
1766433600000,88011.0,88805.9,87872.6,88581.5,18432.701,1766447999999
1766448000000,88581.5,88904.9,87738.3,88128.2,16525.238,1766462399999
1766462400000,88128.2,88342.0,86976.6,87531.3,23180.432,1766476799999
1766476800000,87531.3,87852.0,87256.3,87813.9,12098.9,1766491199999
1766491200000,87813.8,87914.0,86536.0,87405.3,34384.868,1766505599999
1766505600000,87405.2,88247.8,87121.4,87724.2,32501.327,1766519999999
1766520000000,87724.2,88349.2,87145.0,87463.0,14967.183,1766534399999
1766534400000,87463.1,87849.9,86817.9,87311.4,15341.836,1766548799999
1766548800000,87311.4,87430.0,86738.8,86868.1,11302.398,1766563199999
1766563200000,86868.1,87316.7,86671.7,87162.6,10537.249,1766577599999
1766577600000,87162.6,87450.0,86355.0,87012.0,23298.985,1766591999999
1766592000000,87012.0,87660.0,86878.3,87521.4,13327.506,1766606399999
1766606400000,87521.4,88033.3,87484.6,87627.3,7735.534,1766620799999
1766620800000,87627.4,87933.5,87466.9,87811.6,5633.524,1766635199999
1766635200000,87811.6,87830.0,87617.1,87795.9,3874.387,1766649599999
1766649600000,87795.9,87858.8,87219.0,87485.2,8305.291,1766663999999
1766664000000,87485.2,88594.0,87360.7,88338.9,15360.367,1766678399999
1766678400000,88339.0,88451.6,87947.8,88112.3,9470.156,1766692799999
1766692800000,88112.3,88139.2,86902.1,87182.8,15152.527,1766707199999
1766707200000,87182.8,89432.0,86824.8,88796.2,38115.137,1766721599999
1766721600000,88796.2,89557.6,88300.5,88433.0,21937.337,1766735999999
1766736000000,88433.0,88888.0,88380.0,88507.5,11419.104,1766750399999
1766750400000,88507.6,89037.0,86619.9,87100.0,51437.502,1766764799999
1766764800000,87100.0,87555.0,86760.4,87453.7,19187.707,1766779199999
1766779200000,87453.7,87750.0,87266.6,87318.2,7874.95,1766793599999
1766793600000,87318.3,87493.4,87203.0,87473.4,4564.436,1766807999999
1766808000000,87473.4,87669.7,87374.5,87490.9,3525.475,1766822399999
1766822400000,87490.9,87634.9,87324.6,87433.6,5166.212,1766836799999
1766836800000,87433.6,87555.0,87264.8,87516.2,4515.048,1766851199999
1766851200000,87516.3,87545.6,87397.5,87522.4,2442.758,1766865599999
1766865600000,87522.3,87956.9,87455.5,87829.4,7080.18,1766879999999
1766880000000,87829.5,87921.7,87674.4,87693.0,4818.273,1766894399999
1766894400000,87693.1,87802.5,87566.0,87697.7,3595.942,1766908799999
1766908800000,87697.7,87980.9,87676.4,87850.8,5882.811,1766923199999
1766923200000,87850.9,88078.3,87762.2,87797.7,6369.212,1766937599999
1766937600000,87797.6,87902.7,87448.4,87488.6,9230.702,1766951999999
1766952000000,87488.7,88023.4,87402.6,87920.5,7463.024,1766966399999
1766966400000,87920.4,90156.5,87778.5,90091.6,45213.489,1766980799999
1766980800000,90091.5,90373.4,89448.1,89583.0,25464.187,1766995199999
1766995200000,89583.0,89791.5,87520.1,87529.0,45300.356,1767009599999
1767009600000,87529.1,88150.0,86760.0,87636.6,49719.631,1767023999999
1767024000000,87636.4,87968.1,87259.6,87328.9,15239.929,1767038399999
1767038400000,87328.9,87569.2,87043.4,87203.3,9066.617,1767052799999
1767052800000,87203.2,87393.1,86789.0,87334.7,13438.983,1767067199999
1767067200000,87334.7,87581.4,87105.6,87457.5,8171.089,1767081599999
1767081600000,87457.5,88190.6,87455.5,87875.2,23327.302,1767095999999
1767096000000,87875.3,89126.0,87788.2,88966.8,38901.923,1767110399999
1767110400000,88966.8,89355.0,87910.4,88189.7,32511.331,1767124799999
1767124800000,88189.8,88533.0,87833.2,88455.3,10394.632,1767139199999
1767139200000,88455.2,88780.0,88134.9,88411.5,11679.228,1767153599999
1767153600000,88411.6,88596.0,88280.1,88569.0,6284.482,1767167999999
1767168000000,88568.9,89000.0,88339.9,88967.6,12440.16,1767182399999
1767182400000,88967.6,89192.8,87729.2,87909.0,31536.84,1767196799999
1767196800000,87909.0,88024.3,87350.5,87515.0,24053.975,1767211199999
1767211200000,87515.0,87849.7,87189.2,87608.2,10773.672,1767225599999
1767225600000,87608.3,88065.0,87600.0,87824.6,7102.55,1767239999999
1767240000000,87824.6,87831.6,87508.4,87603.7,5685.305,1767254399999
1767254400000,87603.7,87985.6,87590.0,87980.1,6046.668,1767268799999
1767268800000,87980.1,88079.3,87758.4,87986.8,8130.085,1767283199999
1767283200000,87986.8,88475.8,87833.1,88354.8,11314.033,1767297599999
1767297600000,88354.8,88881.4,88193.2,88800.0,9662.662,1767311999999
1767312000000,88800.0,89088.0,88324.4,88899.3,19809.197,1767326399999
1767326400000,88899.3,89055.0,88533.6,88829.3,12241.301,1767340799999
1767340800000,88829.3,89900.0,88780.0,89458.3,27887.349,1767355199999
1767355200000,89458.3,90126.5,88401.2,89373.1,50647.142,1767369599999
1767369600000,89373.0,90945.1,89145.2,89865.0,53631.695,1767383999999
1767384000000,89865.0,90368.7,89588.0,89951.4,12445.764,1767398399999
1767398400000,89951.5,90365.9,89914.5,90279.9,6484.185,1767412799999
1767412800000,90280.0,90456.0,89261.2,89535.9,14358.15,1767427199999
1767427200000,89535.9,89943.9,89380.2,89706.4,9668.717,1767441599999
1767441600000,89706.4,90200.0,89620.0,89931.8,10078.954,1767455999999
1767456000000,89931.7,90189.0,89866.5,90091.8,4811.57,1767470399999
1767470400000,90091.8,90716.9,89972.9,90595.8,11489.693,1767484799999
1767484800000,90595.8,91597.6,90595.7,91192.7,21036.474,1767499199999
1767499200000,91192.7,91779.7,91142.3,91477.5,13544.574,1767513599999
1767513600000,91477.5,91581.7,91111.9,91262.7,11954.424,1767527999999
1767528000000,91262.8,91377.2,90968.0,91292.8,10317.597,1767542399999
1767542400000,91292.8,91429.4,90790.1,91102.9,9385.331,1767556799999
1767556800000,91102.9,91567.0,91085.1,91497.1,7534.629,1767571199999
1767571200000,91497.2,93382.5,91476.5,92835.2,51047.503,1767585599999
1767585600000,92835.3,92920.0,92102.0,92492.1,20234.161,1767599999999
1767600000000,92492.1,93131.8,92292.0,93093.3,20213.743,1767614399999
1767614400000,93093.3,93998.9,92370.9,93899.9,43133.117,1767628799999
1767628800000,93900.0,94475.7,93201.0,94248.6,35514.604,1767643199999
1767643200000,94248.6,94760.3,93757.9,93822.4,19273.184,1767657599999
1767657600000,93822.3,94125.1,93467.1,93725.8,13154.652,1767671999999
1767672000000,93725.7,93966.4,93088.0,93207.4,16653.016,1767686399999
1767686400000,93207.4,93865.5,93130.4,93799.9,13061.435,1767700799999
1767700800000,93800.0,94415.4,93292.0,93608.2,42110.368,1767715199999
1767715200000,93608.2,93728.9,91209.0,92062.2,69722.545,1767729599999
1767729600000,92062.2,93825.0,92062.2,93708.0,32741.034,1767743999999
1767744000000,93708.1,93708.1,92202.9,92778.2,23633.179,1767758399999
1767758400000,92778.1,92893.0,92457.9,92848.1,9331.514,1767772799999
1767772800000,92848.1,92928.0,91549.9,92041.9,31461.263,1767787199999
1767787200000,92041.8,92249.3,90987.0,91303.1,39915.388,1767801599999
1767801600000,91303.2,91750.0,90634.1,91143.6,28364.998,1767815999999
1767816000000,91143.6,91462.1,90740.5,91328.0,16280.508,1767830399999
1767830400000,91328.1,91666.0,90555.1,90780.1,15801.589,1767844799999
1767844800000,90780.0,91157.6,89588.1,90509.9,33939.861,1767859199999
1767859200000,90509.8,90741.2,89733.6,90192.3,26745.978,1767873599999
1767873600000,90192.2,90790.0,89242.0,90730.0,49177.48,1767887999999
1767888000000,90730.0,91425.1,90244.7,90890.9,28633.856,1767902399999
1767902400000,90890.9,91449.9,90519.9,91059.8,14177.18,1767916799999
1767916800000,91059.8,91600.0,90800.6,91190.1,13112.406,1767931199999
1767931200000,91190.1,91203.0,90704.0,90712.1,7718.517,1767945599999
1767945600000,90712.1,90812.0,89632.8,90398.1,29857.973,1767959999999
1767960000000,90398.1,91999.0,89800.0,91137.7,50210.138,1767974399999
1767974400000,91137.8,91749.9,90145.0,90290.6,30045.679,1767988799999
1767988800000,90290.6,90693.0,90082.6,90603.6,9449.964,1768003199999
1768003200000,90603.7,90748.6,90474.4,90591.3,4296.028,1768017599999
1768017600000,90591.3,90650.4,90351.6,90627.1,3897.275,1768031999999
1768032000000,90627.1,90800.0,90570.0,90692.8,5112.255,1768046399999
1768046400000,90692.9,90758.7,90494.0,90622.7,4673.046,1768060799999
1768060800000,90622.8,90708.0,90450.0,90591.4,3632.768,1768075199999
1768075200000,90591.3,90627.6,90358.5,90469.6,3659.369,1768089599999
1768089600000,90469.7,90699.9,90410.6,90696.5,3298.738,1768103999999
1768104000000,90696.4,90818.0,90530.9,90664.0,3375.466,1768118399999
1768118400000,90663.9,90787.8,90555.0,90707.3,4860.961,1768132799999
1768132800000,90707.2,91143.1,90650.0,90834.1,11189.115,1768147199999
1768147200000,90834.0,91252.5,90609.5,90644.7,7657.326,1768161599999
1768161600000,90644.7,91000.0,90175.3,90964.4,13162.776,1768175999999
1768176000000,90964.4,92488.0,90642.0,91766.2,34613.115,1768190399999
1768190400000,91766.2,92245.1,91342.0,91369.2,14891.693,1768204799999
1768204800000,91369.2,91586.5,90319.4,90573.9,30364.738,1768219199999
1768219200000,90573.9,91637.8,90066.0,91618.7,33382.596,1768233599999
1768233600000,91618.6,92299.0,90966.0,91821.9,43461.407,1768247999999
1768248000000,91821.9,92017.0,90870.0,91252.6,12523.834,1768262399999
1768262400000,91252.5,91524.5,91011.0,91380.9,11584.552,1768276799999
1768276800000,91380.9,92258.0,91316.3,91908.0,20473.116,1768291199999
1768291200000,91908.0,92676.6,91850.6,91962.1,23092.118,1768305599999
1768305600000,91962.1,93408.0,91700.6,93407.9,48588.204,1768319999999
1768320000000,93407.9,94189.0,93009.8,94179.5,39149.646,1768334399999
1768334400000,94179.6,96863.7,94011.7,95375.2,57658.282,1768348799999
1768348800000,95375.2,95670.0,95082.0,95665.7,16464.491,1768363199999
1768363200000,95665.6,95755.0,94413.4,95166.6,23449.918,1768377599999
1768377600000,95166.6,95288.0,94700.0,94763.6,14291.289,1768391999999
1768392000000,94763.7,97100.0,94643.0,96691.9,56131.329,1768406399999
1768406400000,96691.9,97733.9,96180.0,97221.8,52868.159,1768420799999
1768420800000,97221.8,97932.1,96666.6,96907.9,18838.305,1768435199999
1768435200000,96908.0,96960.9,95733.1,95943.1,19713.874,1768449599999
1768449600000,95943.1,96744.2,95909.1,96601.2,17931.66,1768463999999
1768464000000,96601.2,97155.0,96243.8,96548.9,15485.899,1768478399999
1768478400000,96548.9,97100.0,95403.7,96717.3,45603.132,1768492799999
1768492800000,96717.3,97047.6,95080.0,95469.2,37698.441,1768507199999
1768507200000,95469.2,95837.8,95089.0,95567.3,12771.735,1768521599999
1768521600000,95567.4,95825.0,95279.8,95319.6,9561.47,1768535999999
1768536000000,95319.6,95790.0,95111.1,95608.4,14107.35,1768550399999
1768550400000,95608.4,95805.0,95210.5,95382.6,9683.442,1768564799999
1768564800000,95382.5,95763.0,94234.5,94537.5,37520.56,1768579199999
1768579200000,94537.6,95191.8,94454.5,94961.0,17146.236,1768593599999
1768593600000,94961.0,95550.0,94630.0,95503.7,13199.031,1768607999999
1768608000000,95503.8,95536.9,95136.2,95324.0,5524.505,1768622399999
1768622400000,95324.1,95346.1,94999.9,95061.1,4766.776,1768636799999
1768636800000,95061.1,95287.1,94977.5,95283.9,4032.162,1768651199999
1768651200000,95283.8,95621.9,95152.1,95529.0,11191.027,1768665599999
1768665600000,95529.0,95529.0,95165.5,95258.3,7792.851,1768679999999
1768680000000,95258.3,95373.2,95000.0,95107.9,5661.912,1768694399999
1768694400000,95107.9,95200.9,94819.5,95155.0,6600.369,1768708799999
1768708800000,95155.0,95236.5,94980.0,94989.9,4813.436,1768723199999
1768723200000,94989.9,95257.4,94980.0,95133.4,5147.428,1768737599999
1768737600000,95133.3,95326.4,94850.4,95067.8,12660.949,1768751999999
1768752000000,95067.7,95485.9,95024.6,95335.6,7763.476,1768766399999
1768766400000,95335.6,95490.0,93550.3,93614.0,25594.735,1768780799999
1768780800000,93614.0,93614.1,91800.0,92656.6,49990.263,1768795199999
1768795200000,92656.7,92810.0,92344.5,92787.9,11351.718,1768809599999
1768809600000,92787.8,93312.8,92635.0,93136.7,13800.415,1768823999999
1768824000000,93136.8,93188.0,92660.0,93013.5,11142.096,1768838399999
1768838400000,93013.4,93379.0,92888.0,93066.2,8569.393,1768852799999
1768852800000,93066.2,93312.1,92116.0,92589.6,13383.171,1768867199999
1768867200000,92589.6,92845.0,92200.0,92397.0,13853.313,1768881599999
1768881600000,92396.9,92440.1,90723.3,91136.1,40101.084,1768895999999
1768896000000,91136.1,91415.1,90622.2,91185.8,17642.089,1768910399999
1768910400000,91185.8,91344.8,89819.0,90644.2,49534.19,1768924799999
1768924800000,90644.3,90944.5,89250.2,89694.1,34730.522,1768939199999
1768939200000,89694.1,89824.0,87787.2,88390.6,32215.002,1768953599999
1768953600000,88390.7,89568.5,88218.2,89396.0,18898.318,1768967999999
1768968000000,89395.9,90088.0,89045.0,89171.3,19315.661,1768982399999
1768982400000,89171.3,89449.0,88614.1,88757.1,13506.472,1768996799999
1768996800000,88757.0,90599.5,88109.7,90237.1,54268.387,1769011199999
1769011200000,90237.2,90427.6,87205.5,90321.9,76317.133,1769025599999
1769025600000,90321.9,90349.0,89317.9,89411.4,25776.644,1769039999999
1769040000000,89411.4,90327.7,89411.3,89857.0,13517.244,1769054399999
1769054400000,89856.9,90170.1,89750.0,89772.6,8495.666,1769068799999
1769068800000,89772.6,90123.0,89701.9,89909.6,9239.677,1769083199999
1769083200000,89909.7,90309.5,88465.6,88953.6,42054.956,1769097599999
1769097600000,88953.7,89882.1,88630.2,89732.9,22922.654,1769111999999
1769112000000,89732.8,89908.5,89095.5,89518.5,9684.024,1769126399999
1769126400000,89518.4,89948.9,89400.0,89886.1,7103.31,1769140799999
1769140800000,89886.2,90050.0,89358.0,89497.2,10350.649,1769155199999
1769155200000,89497.3,89590.9,88823.3,89171.2,14039.112,1769169599999
1769169600000,89171.3,89847.2,88530.0,89711.2,27156.81,1769183999999
1769184000000,89711.2,91195.0,89438.0,89938.3,53329.738,1769198399999
1769198400000,89938.3,90124.1,89163.6,89558.7,12846.231,1769212799999
1769212800000,89558.7,89893.9,89383.5,89738.4,5898.549,1769227199999
1769227200000,89738.4,89820.1,89530.6,89581.2,4004.245,1769241599999
1769241600000,89581.3,89659.2,89539.5,89548.5,3259.833,1769255999999
1769256000000,89548.5,89554.9,89131.2,89235.0,8263.039,1769270399999
1769270400000,89234.9,89425.2,89116.9,89286.0,6341.109,1769284799999
1769284800000,89286.1,89444.4,89155.0,89180.7,2969.162,1769299199999
1769299200000,89180.7,89281.6,88800.0,88920.0,5837.206,1769313599999
1769313600000,88920.0,89057.8,88600.0,88630.3,6941.923,1769327999999
1769328000000,88630.3,88727.2,88084.0,88531.0,12171.295,1769342399999
1769342400000,88530.9,88947.1,88306.6,88406.0,12877.754,1769356799999
1769356800000,88406.0,88410.0,86100.0,86459.4,55909.37,1769371199999
1769371200000,86459.4,86966.4,86021.7,86628.9,31141.815,1769385599999
1769385600000,86628.9,87922.0,86463.2,87233.1,28640.303,1769399999999
1769400000000,87233.1,88059.6,87188.3,87968.9,13632.75,1769414399999
1769414400000,87969.0,88367.5,87556.9,87810.0,12963.85,1769428799999
1769428800000,87810.1,88834.1,87278.5,87609.5,37919.782,1769443199999
1769443200000,87609.4,88496.4,86960.0,87965.6,28639.512,1769457599999
1769457600000,87965.5,88637.4,87506.8,88300.6,12813.294,1769471999999
1769472000000,88300.6,88880.6,88157.4,88744.6,12771.372,1769486399999
1769486400000,88744.7,88983.3,88239.9,88287.9,8861.368,1769500799999
1769500800000,88288.0,88365.6,87707.1,87947.5,10960.454,1769515199999
1769515200000,87947.4,88418.8,87530.0,88000.1,21717.911,1769529599999
1769529600000,88000.1,88836.3,87265.4,88378.1,38341.683,1769543999999
1769544000000,88378.1,89499.0,88335.6,89197.8,25273.326,1769558399999
1769558400000,89197.8,89454.6,88932.6,89079.8,10026.193,1769572799999
1769572800000,89079.8,89366.0,88786.0,89106.8,9710.807,1769587199999
1769587200000,89106.8,90122.0,88831.9,90036.9,19303.904,1769601599999
1769601600000,90036.9,90444.4,88852.2,89444.4,38056.703,1769615999999
1769616000000,89444.5,90592.7,88974.0,89363.6,32992.134,1769630399999
1769630400000,89363.5,89880.1,88829.0,89261.7,13795.118,1769644799999
1769644800000,89261.7,89316.8,87650.1,88003.2,26173.956,1769659199999
1769659200000,88003.2,88394.2,87863.0,88310.9,9421.294,1769673599999
1769673600000,88310.9,88461.2,87711.0,87795.2,16008.75,1769687999999
1769688000000,87795.1,88133.2,84335.4,84898.0,74469.515,1769702399999
1769702400000,84897.9,85596.1,83338.3,83979.4,83125.553,1769716799999
1769716800000,83979.5,84699.9,83785.6,84604.7,17562.523,1769731199999
1769731200000,84604.7,84697.2,81000.0,82640.9,76402.239,1769745599999
1769745600000,82640.9,83300.0,82021.1,82770.1,33705.929,1769759999999
1769760000000,82770.1,83280.6,82108.4,83104.8,24459.859,1769774399999
1769774400000,83104.7,83779.2,82328.6,82850.2,42061.2,1769788799999
1769788800000,82850.1,84599.0,81832.0,84200.0,52992.028,1769803199999
1769803200000,84199.9,84487.7,83501.0,84211.4,25173.261,1769817599999
1769817600000,84211.4,84239.5,83775.5,83987.5,9341.051,1769831999999
1769832000000,83987.5,84110.0,83368.0,83514.4,10028.444,1769846399999
1769846400000,83514.3,83598.0,82530.2,82983.2,23221.921,1769860799999
1769860800000,82983.2,83115.3,80754.3,81268.6,51733.36,1769875199999
1769875200000,81268.6,82200.0,75500.0,77707.9,140211.477,1769889599999
1769889600000,77707.9,79200.0,77037.8,78706.8,37012.258,1769903999999
1769904000000,78706.7,79396.8,78245.7,78826.3,19245.976,1769918399999
1769918400000,78826.3,79094.9,77899.9,78320.8,18661.217,1769932799999
1769932800000,78320.8,79194.0,78099.8,78712.1,18582.65,1769947199999
1769947200000,78712.1,78732.0,76752.5,77563.8,45953.015,1769961599999
1769961600000,77563.8,78421.6,76950.9,77142.4,29864.884,1769975999999
1769976000000,77142.4,77753.6,75644.0,76931.5,54676.338,1769990399999
1769990400000,76931.6,78111.0,74555.0,76256.2,70032.518,1770004799999
1770004800000,76256.2,76930.0,74853.0,76612.6,56149.261,1770019199999
1770019200000,76612.6,77937.7,76576.7,77716.1,30912.995,1770033599999
1770033600000,77716.0,79311.0,77515.6,78800.6,58953.88,1770047999999
1770048000000,78800.5,79248.0,78234.9,78299.2,27195.435,1770062399999
1770062400000,78299.1,78935.9,77843.2,78692.5,16402.325,1770076799999
1770076800000,78692.5,79163.0,77566.5,78710.7,24856.12,1770091199999
1770091200000,78710.7,78967.9,77900.1,78749.9,19860.497,1770105599999
1770105600000,78750.0,79049.0,77900.0,78040.1,23203.397,1770119999999
1770120000000,78040.1,78425.8,77000.5,78094.1,51447.122,1770134399999
1770134400000,78094.2,78101.5,72889.2,74893.8,138235.631,1770148799999
1770148800000,74893.9,76920.7,74541.0,75732.4,50122.749,1770163199999
1770163200000,75732.4,76952.5,75420.0,76661.1,25230.293,1770177599999
1770177600000,76661.1,76809.4,76072.0,76478.9,13166.927,1770191999999
1770192000000,76478.9,76568.0,75629.9,75987.6,23832.37,1770206399999
1770206400000,75987.6,76245.5,73756.0,74107.0,78049.845,1770220799999
1770220800000,74107.0,74211.8,72101.0,73895.3,110739.361,1770235199999
1770235200000,73895.2,74141.1,71838.0,73137.4,42105.843,1770249599999
1770249600000,73137.5,73316.3,71111.0,71198.9,61677.796,1770263999999
1770264000000,71199.0,71600.0,70085.3,70716.1,70629.246,1770278399999
1770278400000,70716.1,71944.4,69862.0,70279.0,55156.137,1770292799999
1770292800000,70279.1,70848.6,66666.0,67451.9,168792.675,1770307199999
1770307200000,67452.0,68667.4,65160.0,65237.4,138785.242,1770321599999
1770321600000,65237.5,65678.1,62233.3,62868.1,175048.645,1770335999999
1770336000000,62868.1,65969.5,59800.0,64138.1,176970.308,1770350399999
1770350400000,64138.1,66783.0,63924.7,64811.2,70097.968,1770364799999
1770364800000,64811.2,66773.4,64438.9,66586.1,54110.748,1770379199999
1770379200000,66586.1,69157.9,66072.0,68577.5,105687.051,1770393599999
1770393600000,68577.5,71451.6,68348.0,70675.5,107975.296,1770407999999
1770408000000,70675.5,71714.4,69764.7,70544.5,44341.398,1770422399999
1770422400000,70544.5,70899.5,69674.5,70887.1,31855.755,1770436799999
1770436800000,70887.2,71690.0,67250.0,68050.5,88703.15,1770451199999
1770451200000,68050.5,68797.8,67550.2,67935.1,39834.145,1770465599999
1770465600000,67935.0,70000.0,67870.2,69122.1,59726.379,1770479999999
1770480000000,69122.1,69887.7,68478.1,69341.4,34087.255,1770494399999
1770494400000,69341.3,69688.2,68734.6,69254.2,12456.967,1770508799999
1770508800000,69254.3,69666.0,68843.7,69064.7,14911.652,1770523199999
1770523200000,69064.7,69693.0,68928.0,69665.0,12103.435,1770537599999
1770537600000,69665.1,71199.9,69467.9,70954.0,43821.848,1770551999999
1770552000000,70954.0,71524.9,70653.0,71152.6,28255.244,1770566399999
1770566400000,71152.5,71480.0,70220.1,71381.0,23445.872,1770580799999
1770580800000,71381.0,72300.0,69913.3,70288.1,40215.536,1770595199999
1770595200000,70288.2,71434.9,70013.3,71269.9,28075.139,1770609599999
1770609600000,71269.8,71320.0,70251.1,70393.5,19162.987,1770623999999
1770624000000,70393.5,70583.3,68373.9,68899.9,49010.982,1770638399999
1770638400000,68900.0,69843.7,68271.7,69528.9,56527.819,1770652799999
1770652800000,69528.9,71041.0,69050.0,70912.7,46984.623,1770667199999
1770667200000,70912.6,71085.0,69776.1,70110.5,22681.278,1770681599999
1770681600000,70110.6,70499.9,69155.8,69473.3,22533.107,1770695999999
1770696000000,69473.2,69886.1,68633.3,68882.1,26911.354,1770710399999
1770710400000,68882.2,69376.3,68406.4,68489.9,24790.436,1770724799999
1770724800000,68489.9,69554.7,67883.0,69251.5,61160.036,1770739199999
1770739200000,69251.4,69957.9,68555.6,69031.4,34739.185,1770753599999
1770753600000,69031.3,69116.9,68322.1,68805.3,13738.491,1770767999999
1770768000000,68805.3,69262.7,67951.8,68143.6,19145.197,1770782399999
1770782400000,68143.6,68288.0,66511.0,67000.0,43120.56,1770796799999
1770796800000,67000.0,67094.4,66342.6,67023.0,25236.662,1770811199999
1770811200000,67022.9,68821.1,65718.5,66489.3,94588.83,1770825599999
1770825600000,66489.4,67831.4,65834.5,67547.7,47502.511,1770839999999
1770840000000,67547.6,68315.0,66757.4,67054.4,27031.764,1770854399999
1770854400000,67054.8,68021.0,67016.6,67550.2,19130.074,1770868799999
1770868800000,67550.3,67659.6,66640.0,67181.5,17969.216,1770883199999
1770883200000,67181.5,68265.5,66860.0,68031.8,23709.827,1770897599999
1770897600000,68031.8,68385.0,66958.0,67107.0,45122.558,1770911999999
1770912000000,67107.0,67221.9,65081.0,65760.7,70971.692,1770926399999
1770926400000,65760.7,66460.8,65177.8,66243.1,23089.892,1770940799999
1770940800000,66243.2,66778.5,65833.9,66519.6,18050.465,1770955199999
1770955200000,66519.6,66650.2,65964.2,66183.3,15780.838,1770969599999
1770969600000,66183.3,67196.8,66159.9,67137.8,22860.438,1770983999999
1770984000000,67137.8,69289.5,66823.6,68652.0,71464.15,1770998399999
1770998400000,68652.1,69473.7,68500.0,68904.2,38164.259,1771012799999
1771012800000,68904.3,69055.9,68639.7,68821.5,16723.139,1771027199999
1771027200000,68821.5,69118.1,68736.2,68947.7,9642.697,1771041599999
1771041600000,68947.7,69318.2,68689.1,69182.2,9127.385,1771055999999
1771056000000,69182.1,70557.7,69174.5,70464.8,27428.772,1771070399999
1771070400000,70464.8,70499.4,69163.7,69754.2,36370.367,1771084799999
1771084800000,69754.2,69903.3,69259.1,69849.0,15953.444,1771099199999
1771099200000,69848.9,70230.6,69600.0,69795.4,16011.581,1771113599999
1771113600000,69795.4,69967.4,69212.2,69926.0,18571.897,1771127999999
1771128000000,69925.9,70907.7,69925.9,70784.0,26247.372,1771142399999
1771142400000,70784.0,70938.5,70114.8,70268.7,18316.803,1771156799999
1771156800000,70268.6,70391.0,68741.4,69068.1,41787.049,1771171199999
1771171200000,69068.1,69074.0,68029.6,68263.6,30584.219,1771185599999
1771185600000,68263.7,69049.2,68100.2,68796.9,15742.79,1771199999999
1771200000000,68796.9,69033.6,68112.2,68392.6,13437.439,1771214399999
1771214400000,68392.6,68869.8,68183.3,68552.4,12323.489,1771228799999
1771228800000,68552.5,69029.9,68300.0,68769.4,15845.783,1771243199999
1771243200000,68769.4,70110.9,67250.0,67505.5,69582.444,1771257599999
1771257600000,67505.5,68221.7,67475.0,67883.6,20666.719,1771271999999
1771272000000,67883.5,68962.1,67788.6,68862.5,17723.874,1771286399999
1771286400000,68862.6,69228.6,68350.0,68443.6,16477.877,1771300799999
1771300800000,68443.6,68681.8,67854.2,68353.4,15435.494,1771315199999
1771315200000,68353.4,68445.8,67655.0,67824.4,15199.471,1771329599999
1771329600000,67824.3,68350.0,66588.0,67363.6,51182.908,1771343999999
1771344000000,67363.6,68220.1,66824.5,67766.9,40921.1,1771358399999
1771358400000,67766.9,67897.6,67355.7,67475.9,9968.272,1771372799999
1771372800000,67475.9,67683.4,66850.1,67590.2,13859.457,1771387199999
1771387200000,67590.3,68190.2,67456.6,68078.4,13751.365,1771401599999
1771401600000,68078.5,68438.0,67037.2,67345.4,27303.081,1771415999999
1771416000000,67345.4,68336.0,66666.2,67671.0,43142.829,1771430399999
1771430400000,67671.1,67684.6,65826.1,66138.2,48354.052,1771444799999
1771444800000,66138.3,66528.8,65993.1,66422.8,17562.607,1771459199999
1771459200000,66422.8,66975.0,66301.8,66950.4,11949.431,1771473599999
1771473600000,66950.4,67299.4,66651.8,67180.4,12987.831,1771487999999
1771488000000,67180.4,67180.4,66431.1,66468.9,17634.609,1771502399999
1771502400000,66468.8,66723.0,65595.7,66362.7,53345.665,1771516799999
1771516800000,66362.6,67174.0,65863.8,67022.9,39321.698,1771531199999
1771531200000,67022.8,67147.8,66618.2,66974.0,12193.367,1771545599999
1771545600000,66973.9,67490.0,66912.4,67327.2,16163.093,1771559999999
1771560000000,67327.2,67999.9,67079.3,67794.7,23131.392,1771574399999
1771574400000,67794.8,68283.7,67250.0,67290.5,27634.024,1771588799999
1771588800000,67290.4,68099.9,66408.1,67547.6,89010.872,1771603199999
1771603200000,67547.6,67998.9,66915.0,67616.5,53992.045,1771617599999
1771617600000,67616.5,68220.0,67486.6,67979.3,15372.545,1771631999999
1771632000000,67979.3,68079.0,67488.9,67637.0,13484.385,1771646399999
1771646400000,67636.9,67899.0,67555.2,67821.0,6835.056,1771660799999
1771660800000,67821.0,68280.0,67776.2,68060.9,16424.915,1771675199999
1771675200000,68061.0,68687.0,67882.8,68571.5,21938.833,1771689599999
1771689600000,68571.5,68632.5,68066.0,68516.3,16510.563,1771703999999
1771704000000,68516.3,68568.1,67860.0,67933.1,12301.741,1771718399999
1771718400000,67933.2,68198.5,67763.7,68010.5,12501.071,1771732799999
1771732800000,68010.5,68204.3,67850.4,67973.0,8942.586,1771747199999
1771747200000,67973.0,68220.0,67877.0,68183.4,9086.0,1771761599999
1771761600000,68183.4,68205.1,67275.0,67659.9,31174.344,1771775999999
1771776000000,67660.0,67712.0,67150.0,67402.2,12981.135,1771790399999
1771790400000,67402.1,67728.0,67324.1,67613.5,9658.286,1771804799999
1771804800000,67613.6,67655.8,64232.8,64894.0,89086.873,1771819199999
1771819200000,64894.1,65980.0,64628.5,65915.8,31480.866,1771833599999
1771833600000,65915.7,66574.5,65534.6,66170.8,30726.787,1771847999999
1771848000000,66170.8,66490.0,65500.0,65633.1,44068.051,1771862399999
1771862400000,65633.1,65701.2,64050.0,64273.9,57061.836,1771876799999
1771876800000,64273.9,64989.0,63860.0,64625.8,24726.883,1771891199999
1771891200000,64625.8,64980.0,63303.9,63570.5,44780.755,1771905599999
